MonthDateKey,DepartmentKey,IncomeBudgetCredits,ExpenseBudgetCredits
20190101,1,54855422934,103333249
20190201,1,57005297079,107383049
20190301,1,62885842989,118460457
20190401,1,56315443506,106083545
20190501,1,62549394263,117826676
20190601,1,60106789383,113225448
20190701,1,59730054279,112515778
20190801,1,61873576067,116553611
20190901,1,61401198887,115663777
20191001,1,59313851949,111731762
20191101,1,58480653361,110162234
20191201,1,59028330221,111193913
20200101,1,86768609231,126145762
20200201,1,83775509872,121794340
20200301,1,96775082283,140693352
20200401,1,94358414386,137179957
20200501,1,100103366682,145532072
20200601,1,97109710569,141179841
20200701,1,92175488858,134006381
20200801,1,84446967621,122770518
20200901,1,99637365676,144854591
20201001,1,99126984435,144112590
20201101,1,100839380158,146602101
20201201,1,93433546027,135835367
20210101,1,79775995617,228600315
20210201,1,87951521819,252027511
20210301,1,89185610602,255563826
20210401,1,94644621532,271206772
20210501,1,94176337729,269864892
20210601,1,93589587117,268183542
20210701,1,83373948872,238910349
20210801,1,90834025645,260287405
20210901,1,84006890017,240724059
20211001,1,90930519444,260563910
20211101,1,84358537570,241731715
20211201,1,84412247976,241885625
20220101,1,122883958184,1116778674
20220201,1,107838978455,980048764
20220301,1,108393006001,985083808
20220401,1,106368644251,966686256
20220501,1,122739155080,1115462692
20220601,1,120290540324,1093209497
20220701,1,115249480218,1047395962
20220801,1,116601832084,1059686238
20220901,1,113118948358,1028033528
20221001,1,104058359154,945690211
20221101,1,116724341960,1060799617
20221201,1,108230573598,983607610
20230101,1,131063170410,311009150
20230201,1,124622568705,295725787
20230301,1,134146737709,318326367
20230401,1,125205223385,297108410
20230501,1,142665595951,338541374
20230601,1,128161727153,304124108
20230701,1,144128713080,342013309
20230801,1,144139576115,342039087
20230901,1,126325575237,299766973
20231001,1,118702126313,281676747
20231101,1,126006549646,299009934
20231201,1,134357910909,318827474
20240101,1,196201882597,5771035449
20240201,1,195805090735,5759364308
20240301,1,209783670964,6170526938
20240401,1,192443864699,5660498006
20240501,1,216002856102,6353456568
20240601,1,221489721504,6514845920
20240701,1,199401715197,5865154563
20240801,1,186069874516,5473014976
20240901,1,204869319365,6025977370
20241001,1,195871510653,5761317967
20241101,1,184943928941,5439896681
20241201,1,192991040858,5676592515
20190101,2,35478049930,76648367778
20190201,2,38615351327,83426334204
20190301,2,33070643857,71447299893
20190401,2,37055140780,80055585472
20190501,2,38941523705,84131011614
20190601,2,37111611620,80177587603
20190701,2,36599951756,79072174722
20190801,2,38033066198,82168339335
20190901,2,37610241838,81254850654
20191001,2,33755266819,72926389997
20191101,2,34910786968,75422827472
20191201,2,37458826986,80927727227
20200101,2,40949662366,90922664663
20200201,2,46422224280,103073678446
20200301,2,47733175091,105984450698
20200401,2,43497504824,96579771758
20200501,2,40681112317,90326389025
20200601,2,46414853157,103057311958
20200701,2,41963440587,93173609163
20200801,2,44433200837,98657346268
20200901,2,40491881942,89906230984
20201001,2,45609557212,101269271496
20201101,2,41453916907,92042287241
20201201,2,40556352085,90049377396
20210101,2,70113868921,150382374400
20210201,2,63441008076,136070217999
20210301,2,66904523111,143498871170
20210401,2,67119468435,143959892487
20210501,2,70042081131,150228401749
20210601,2,67344804231,144443199608
20210701,2,72675043208,155875659487
20210801,2,71632204632,153638947355
20210901,2,61250734373,131372451849
20211001,2,70259636596,150695021375
20211101,2,67117696380,143956091730
20211201,2,64413533286,138156119871
20220101,2,65367923518,162033909557
20220201,2,66089444296,163822414166
20220301,2,62687852281,155390553045
20220401,2,65394189924,162099018684
20220501,2,70332786610,174340804650
20220601,2,69238890614,171629256916
20220701,2,63133221237,156494532936
20220801,2,63495704112,157393054937
20220901,2,65475557932,162300713579
20221001,2,62291560027,154408224407
20221101,2,71259057775,176636844207
20221201,2,59313221098,147025522393
20230101,2,73218892512,160930274570
20230201,2,74462873030,163664461327
20230301,2,72244808979,158789303503
20230401,2,70811703296,155639432163
20230501,2,83510891710,183551406903
20230601,2,77573823967,170502125369
20230701,2,76734897709,168658221038
20230801,2,73512057476,161574631737
20230901,2,70274997234,154459787799
20231001,2,73186352002,160858752684
20231101,2,73266062850,161033951847
20231201,2,82831254398,182057609126
20240101,2,111465642304,242384195210
20240201,2,113917305960,247715385252
20240301,2,98772997106,214783792721
20240401,2,118972155958,258707254346
20240501,2,106232761805,231005195348
20240601,2,107505899119,233773657064
20240701,2,114507665222,248999132885
20240801,2,107193584105,233094522024
20240901,2,108704863885,236380829138
20241001,2,112736127482,245146889805
20241101,2,98899471973,215058814764
20241201,2,117658268748,255850181192
20190101,3,26905680910,27812709019
20190201,3,30654426681,31687830250
20190301,3,26729292289,27630374092
20190401,3,27599833692,28530262662
20190501,3,29156000018,30138889530
20190601,3,28806895542,29778016254
20190701,3,30428897016,31454697665
20190801,3,28696700762,29664106654
20190901,3,28646048049,29611746367
20191001,3,31734179124,32803982657
20191101,3,30327217462,31349590351
20191201,3,32549024680,33646297797
20200101,3,34690685644,43767647080
20200201,3,35652061703,44980571163
20200301,3,36842912292,46483012735
20200401,3,40889451382,51588345522
20200501,3,34281509972,43251408900
20200601,3,39024994408,49236045665
20200701,3,37629403136,47475292163
20200801,3,36251581724,45736958077
20200901,3,36287938565,45782827837
20201001,3,36350143779,45861309302
20201101,3,38784354773,48932441674
20201201,3,41315340309,52125670051
20210101,3,38046768921,48640478591
20210201,3,36927746049,47209875952
20210301,3,35594354997,45505216639
20210401,3,36632152523,46831977618
20210501,3,36981951032,47279173723
20210601,3,39064934042,49942140734
20210701,3,34016061932,43487465009
20210801,3,38808336657,49614096594
20210901,3,33469038344,42788128642
20211001,3,36281831804,46384113899
20211101,3,36497633382,46660003082
20211201,3,35441526037,45309834116
20220101,3,52719207214,68867158712
20220201,3,46407491407,60622157370
20220301,3,46893563641,61257114067
20220401,3,49753808757,64993455426
20220501,3,45347677032,59237720680
20220601,3,46278380583,60453499758
20220701,3,48748053937,63679636792
20220801,3,45880928887,59934308167
20220901,3,52262876938,68271053967
20221001,3,51913981177,67815291048
20221101,3,51249314855,66947036697
20221201,3,47241866685,61712102719
20230101,3,61739015022,58089251267
20230201,3,69152609935,65064584085
20230301,3,60482629047,56907137808
20230401,3,56682705699,53331850737
20230501,3,60258886813,56696622320
20230601,3,68165457140,64135787817
20230701,3,60813079218,57218053086
20230801,3,61451002152,57818264566
20230901,3,66153550734,62242817275
20231001,3,67432903388,63446539715
20231101,3,67898471203,63884585021
20231201,3,57892227208,54469870171
20240101,3,87768057492,103728624261
20240201,3,82527426660,97534987966
20240301,3,93166426197,110108682964
20240401,3,98765545061,116725998117
20240501,3,98783070631,116746710701
20240601,3,93167891790,110110415074
20240701,3,99546873229,117649410329
20240801,3,88717997808,104851310634
20240901,3,84750667025,100162523211
20241001,3,92255378959,109031962352
20241101,3,98626542080,116561717530
20241201,3,85657643058,101234432275
20190101,4,25969718911,9571035017
20190201,4,29609214954,10912356584
20190301,4,28666638989,10564974019
20190401,4,29810705576,10986615139
20190501,4,26758036453,9861566263
20190601,4,30822680091,11359574259
20190701,4,25687272546,9466940550
20190801,4,28267036059,10417701973
20190901,4,30636924247,11291114693
20191001,4,27289395561,10057396516
20191101,4,28223599339,10401693545
20191201,4,27226490442,10034213090
20200101,4,42388639856,8374921646
20200201,4,43462581982,8587105410
20200301,4,40662429766,8033866252
20200401,4,42432507518,8383588785
20200501,4,40680126125,8037362605
20200601,4,44476882266,8787505456
20200701,4,42372974652,8371826598
20200801,4,41787868072,8256224357
20200901,4,40360423743,7974197511
20201001,4,40479274948,7997679499
20201101,4,41413195868,8182198619
20201201,4,43812088601,8656159066
20210101,4,49494073395,10203559648
20210201,4,49432615408,10190889641
20210301,4,47301676991,9751581341
20210401,4,47154255072,9721189251
20210501,4,47371512870,9765978510
20210601,4,48090574334,9914218209
20210701,4,46778811161,9643788785
20210801,4,48134395707,9923252301
20210901,4,47867910476,9868314452
20211001,4,43496588581,8967134964
20211101,4,52267279377,10775276031
20211201,4,52389200760,10800411003
20220101,4,57836585691,14160695934
20220201,4,58063363642,14216220193
20220301,4,58325545986,14280412856
20220401,4,62918808741,15405026221
20220501,4,64859851213,15880270600
20220601,4,60996445701,14934355309
20220701,4,60647121334,14848826814
20220801,4,62601023334,15327219717
20220901,4,59163309761,14485530740
20221001,4,68834977505,16853539579
20221101,4,58202417843,14250266191
20221201,4,59504126473,14568976224
20230101,4,71872452243,22623113332
20230201,4,71220781880,22417988670
20230301,4,67285810723,21179387570
20230401,4,60783539319,19132683745
20230501,4,65743989103,20694072207
20230601,4,67800683530,21341452805
20230701,4,64781654464,20391160522
20230801,4,60262865219,18968792452
20230901,4,63882819974,20108236622
20231001,4,64863636410,20416965776
20231101,4,66594942005,20961924539
20231201,4,73005806079,22979856306
20240101,4,119748119000,48957904182
20240201,4,122176183200,49950595636
20240301,4,119804347356,48980892622
20240401,4,117026136857,47845047111
20240501,4,104849012315,42866543051
20240601,4,106564730974,43567998660
20240701,4,105559708085,43157104404
20240801,4,108915679175,44529161956
20240901,4,107028680489,43757680102
20241001,4,123010352063,50291637814
20241101,4,101455588276,41479173209
20241201,4,111812633176,45713554644
20190101,5,19399090448,33509024
20190201,5,20461712420,35344545
20190301,5,22635817938,39099987
20190401,5,20480443505,35376900
20190501,5,20537082183,35474735
20190601,5,22739661010,39279360
20190701,5,18740416616,32371264
20190801,5,18718800836,32333926
20190901,5,22845601580,39462356
20191001,5,20370294293,35186634
20191101,5,21294724158,36783448
20191201,5,20874723774,36057959
20200101,5,26125884825,44631616
20200201,5,26624815892,45483955
20200301,5,28767492314,49144352
20200401,5,24167216316,41285565
20200501,5,24384068750,41656020
20200601,5,29279979003,50019848
20200701,5,24314258981,41536762
20200801,5,28117685145,48034267
20200901,5,25489134650,43543837
20201001,5,29181598410,49851781
20201101,5,25282699495,43191178
20201201,5,25452136358,43480631
20210101,5,29597538877,130713058
20210201,5,30684968928,135515529
20210301,5,30234879547,133527777
20210401,5,28264049255,124823903
20210501,5,28023543286,123761744
20210601,5,26281644162,116068910
20210701,5,25937575115,114549381
20210801,5,30323140289,133917567
20210901,5,29929510624,132179161
20211001,5,28678125502,126652608
20211101,5,31011761311,136958758
20211201,5,31008674184,136945123
20220101,5,33733334426,80553738
20220201,5,30202282311,72121739
20220301,5,33587683803,80205931
20220401,5,31139101330,74358822
20220501,5,28414541240,67852691
20220601,5,30786657814,73517202
20220701,5,31393473333,74966251
20220801,5,33674232628,80412605
20220901,5,32843433955,78428694
20221001,5,34176897756,81612948
20221101,5,31007693645,74045026
20221201,5,32945074777,78671408
20230101,5,36244851422,127297971
20230201,5,34633418284,121638349
20230301,5,35436659817,124459468
20230401,5,38146193717,133975803
20230501,5,35816327418,125792924
20230601,5,36548597168,128364777
20230701,5,34881809886,122510742
20230801,5,34497958602,121162592
20230901,5,35785203578,125683611
20231001,5,35212282904,123671418
20231101,5,39037534145,137106340
20231201,5,32664702074,114723889
20240101,5,52510072171,45420500
20240201,5,58363129459,50483315
20240301,5,58157825156,50305730
20240401,5,53360093384,46155757
20240501,5,51412240871,44470891
20240601,5,53002774582,45846681
20240701,5,54159498740,46847232
20240801,5,56595224325,48954102
20240901,5,56490106227,48863176
20241001,5,52634489111,45528119
20241101,5,58387205078,50504141
20241201,5,58911913849,50958007
20190101,6,72377336610,173616816615
20190201,6,68376330889,164019311249
20190301,6,73789381508,177003992099
20190401,6,66437865202,159369371675
20190501,6,66937021003,160566733242
20190601,6,66050987879,158441340715
20190701,6,61297261442,147038229054
20190801,6,68778773020,164984678654
20190901,6,69174323537,165933514639
20191001,6,63549031358,152439714421
20191101,6,65345747423,156749628797
20191201,6,72392535434,173653275142
20200101,6,110693164492,183969133854
20200201,6,115634847086,192182080612
20200301,6,103585529756,172156431487
20200401,6,108276948364,179953446070
20200501,6,112212018582,186493429483
20200601,6,107173730455,178119926864
20200701,6,109021564535,181190978602
20200801,6,109695279803,182310675694
20200901,6,103083772059,171322523366
20201001,6,103475670500,171973848288
20201101,6,110482649345,183619263205
20201201,6,103133343319,171404909498
20210101,6,122589710438,245908673912
20210201,6,131224777921,263230176560
20210301,6,118252201282,237207852930
20210401,6,122839935177,246410611909
20210501,6,124672628200,250086900149
20210601,6,136455567546,273722872362
20210701,6,123535244762,247805367288
20210801,6,124084679474,248907505151
20210901,6,125068644513,250881288570
20211001,6,122480683834,245689972134
20211101,6,117606358589,235912325602
20211201,6,117107035924,234910709935
20220101,6,121024388721,321187419228
20220201,6,120004396152,318480454257
20220301,6,133747542546,354953480636
20220401,6,124797245984,331200229870
20220501,6,133231061716,353582788772
20220601,6,119132257373,316165879430
20220701,6,116176511604,308321606342
20220801,6,116370572430,308836625640
20220901,6,133643242906,354676679138
20221001,6,139395445315,369942486849
20221101,6,125241396288,332378963276
20221201,6,134775139815,357680627771
20230101,6,178448409376,325504450020
20230201,6,202792975437,369910923659
20230301,6,169128696997,308504534679
20230401,6,199430124074,363776808552
20230501,6,204510465932,373043766371
20230601,6,183058373146,333913399849
20230701,6,193217969510,352445332067
20230801,6,177532894568,323834476357
20230901,6,171660921141,313123518003
20231001,6,194929914995,355568060230
20231101,6,190082919131,346726744533
20231201,6,174108397911,317587915209
20240101,6,207167864016,444387174107
20240201,6,237246304274,508907186084
20240301,6,221426922309,474973687369
20240401,6,206975671601,443974910147
20240501,6,228952454609,491116393905
20240601,6,203368469512,436237250879
20240701,6,239581108282,513915477116
20240801,6,215984767713,463299947749
20240901,6,241265164406,517527875910
20241001,6,213090244570,457091026467
20241101,6,240727553131,516374668309
20241201,6,242891530770,521016526797
20190101,7,31805771696,128334718025
20190201,7,33545322812,135353720870
20190301,7,37682046560,152045196895
20190401,7,34251839977,138204482739
20190501,7,35125770537,141730749387
20190601,7,34424039162,138899297947
20190701,7,32953095350,132964112308
20190801,7,34247912103,138188633959
20190901,7,32548128998,131330093077
20191001,7,31932814867,128847330949
20191101,7,33220822371,134044377617
20191201,7,36854750366,148707097610
20200101,7,41941641735,155689212808
20200201,7,44637507325,165696384061
20200301,7,39151248439,145331150561
20200401,7,40667361114,150959027277
20200501,7,44313866178,164495013934
20200601,7,43010716637,159657665710
20200701,7,46515418706,172667273432
20200801,7,41112424306,152611121357
20200901,7,44701776089,165934952531
20201001,7,42134783570,156406163765
20201101,7,45102966106,167424187460
20201201,7,45343064054,168315441568
20210101,7,51985842299,209883744748
20210201,7,55491372968,224036711626
20210301,7,56053345104,226305575820
20210401,7,52351703699,211360846151
20210501,7,55501744626,224078585382
20210601,7,58554890064,236405126019
20210701,7,50336538533,203224969292
20210801,7,52596809030,212350416052
20210901,7,53705811851,216827820951
20211001,7,54427933433,219743260523
20211101,7,56596445798,228498249873
20211201,7,48629673210,196333799126
20220101,7,76657026542,227251407653
20220201,7,74107594968,219693562795
20220301,7,77423285294,229522998242
20220401,7,75585679571,224075376463
20220501,7,72704651393,215534506325
20220601,7,75028043378,222422251948
20220701,7,75590519833,224089725526
20220801,7,69308453159,205466403450
20220901,7,74147766407,219812651894
20221001,7,64484448567,191165537846
20221101,7,77268570028,229064341502
20221201,7,72565219049,215121156140
20230101,7,71150104127,236958262836
20230201,7,85938586763,286209816273
20230301,7,73990633623,246418360515
20230401,7,77443655953,257918303951
20230501,7,79048045066,263261560461
20230601,7,85816401298,285802889876
20230701,7,75942708608,252919549841
20230801,7,74477177925,248038747360
20230901,7,71080686998,236727076073
20231001,7,71424378343,237871705518
20231101,7,74200439667,247117098437
20231201,7,83628668695,278516866569
20240101,7,115686903138,385939611185
20240201,7,110536643531,368757984430
20240301,7,105963239414,353500787989
20240401,7,109262788947,364508316318
20240501,7,124427563567,415099066543
20240601,7,111701908485,372645389927
20240701,7,113061050168,377179581771
20240801,7,120581143242,402267138948
20240901,7,111811391978,373010634528
20241001,7,106164838571,354173336895
20241101,7,113352255860,378151064354
20241201,7,106206525707,354312408096
20190101,8,24017301660,37215272139
20190201,8,27066234284,41939652045
20190301,8,26962134004,41778346653
20190401,8,26537783503,41120807367
20190501,8,26293156922,40741753761
20190601,8,25004847746,38745493847
20190701,8,25640940589,39731131974
20190801,8,27628017287,42810145643
20190901,8,25843368808,40044798405
20191001,8,27745914362,42992829434
20191101,8,23480142924,36382934318
20191201,8,26178207659,40563637660
20200101,8,29855493032,46654976248
20200201,8,28409897171,44395953411
20200301,8,27852549806,43524990468
20200401,8,31485418173,49202049200
20200501,8,31247885548,48830858579
20200601,8,27889512835,43582752343
20200701,8,30928570856,48331867678
20200801,8,29971730509,46836619764
20200901,8,29072160917,45430868471
20201001,8,27258389674,42596500465
20201101,8,29743589462,46480105300
20201201,8,26815330696,41904135204
20210101,8,36093371447,65961728422
20210201,8,32373907573,59164295649
20210301,8,35615181763,65087822304
20210401,8,35489688158,64858478945
20210501,8,33448467394,61128086237
20210601,8,35005215729,63973090922
20210701,8,34790251591,63580237455
20210801,8,35636607844,65126979115
20210901,8,37709622524,68915476168
20211001,8,33862552563,61884839412
20211101,8,38820401229,70945457861
20211201,8,38163867089,69745621855
20220101,8,39693744162,62108281013
20220201,8,47875657591,74910413671
20220301,8,45720545601,71538338199
20220401,8,47118757180,73726101523
20220501,8,47179725574,73821497969
20220601,8,40440631371,63276925635
20220701,8,45845804585,71734329288
20220801,8,43442636922,67974124358
20220901,8,45389564101,71020455786
20221001,8,43709077667,68391020698
20221101,8,40868393969,63946240163
20221201,8,46706027942,73080309499
20230101,8,53892252152,96694239426
20230201,8,50317092172,90279636932
20230301,8,47201811885,84690157072
20230401,8,53321008627,95669306230
20230501,8,49193993956,88264558261
20230601,8,53778649025,96490411091
20230701,8,49365404584,88572105629
20230801,8,47990650553,86105502544
20230901,8,46273437148,83024454015
20231001,8,53704007280,96356487820
20231101,8,52360222712,93945450582
20231201,8,45950467156,82444976698
20240101,8,79171669847,122095251209
20240201,8,78941392362,121740126865
20240301,8,80252128111,123761488936
20240401,8,77377313810,119328070076
20240501,8,82165097486,126711590618
20240601,8,82023220845,126492794373
20240701,8,86681884039,133677190687
20240801,8,83585614102,128902252170
20240901,8,90260615904,139196161890
20241001,8,81866426573,126250992778
20241101,8,88261214439,136112768239
20241201,8,74939174435,115568073100
20190101,9,26702386310,41562601
20190201,9,31749001488,49417722
20190301,9,27609466252,42974483
20190401,9,30196076617,47000574
20190501,9,27998967974,43580747
20190601,9,26688502728,41540991
20190701,9,29447094151,45834774
20190801,9,27067127089,42130325
20190901,9,32224395657,50157679
20191001,9,30005104503,46703324
20191101,9,26739747665,41620755
20191201,9,26588681207,41385617
20200101,9,41809891323,67523542
20200201,9,43412701782,70112102
20200301,9,36658896179,59204615
20200401,9,41481978513,66993958
20200501,9,39404706047,63639135
20200601,9,43482538287,70224889
20200701,9,37286649579,60218445
20200801,9,41763660812,67448879
20200901,9,37810525283,61064511
20201001,9,41894331914,67659914
20201101,9,42706343102,68971323
20201201,9,43648122633,70492311
20210101,9,54497393165,25351255
20210201,9,56292144859,26186143
20210301,9,52985044030,24647736
20210401,9,47964542673,22312285
20210501,9,55325092112,25736286
20210601,9,48995555511,22791894
20210701,9,55260228349,25706113
20210801,9,55093876502,25628729
20210901,9,52481809395,24413640
20211001,9,52456809183,24402010
20211101,9,47060589934,21891781
20211201,9,48328499837,22481590
20220101,9,63269523897,145885179
20220201,9,67382334466,155368387
20220301,9,57959129929,133640614
20220401,9,68701621641,158410365
20220501,9,60548238814,139610512
20220601,9,66720799138,153843037
20220701,9,61303426919,141351805
20220801,9,65464442183,150946163
20220901,9,69622666072,160534084
20221001,9,65933188791,152026986
20221101,9,68911723872,158894813
20221201,9,66244978930,152745903
20230101,9,79118565505,136981193
20230201,9,85763731702,148486240
20230301,9,77685322913,134499762
20230401,9,73540220363,127323177
20230501,9,86521729387,149798592
20230601,9,74786594685,129481076
20230701,9,82160647550,142248074
20230801,9,76273691067,132055746
20230901,9,76857202091,133066003
20231001,9,72691374226,125853535
20231101,9,82305192206,142498330
20231201,9,78262498498,135499051
20240101,9,112468607987,147978839
20240201,9,118358207848,155727990
20240301,9,108614477468,142907826
20240401,9,124669938284,164032552
20240501,9,113443245947,149261204
20240601,9,124955114957,164407769
20240701,9,103127665270,135688638
20240801,9,116219275146,152913722
20240901,9,109838592612,144518437
20241001,9,103552744410,136247929
20241101,9,111030428348,146086577
20241201,9,108534030923,142801979
20190101,10,27315322832,16997014
20190201,10,29603804097,18421026
20190301,10,31291586968,19471252
20190401,10,30323970496,18869151
20190501,10,29027726190,18062560
20190601,10,29892218330,18600492
20190701,10,29620854629,18431636
20190801,10,27468701212,17092454
20190901,10,30409863320,18922598
20191001,10,31850154100,19818822
20191101,10,28511945858,17741615
20191201,10,29486869951,18348263
20200101,10,42456324835,30424019
20200201,10,40945129185,29341102
20200301,10,40800750014,29237641
20200401,10,38644172632,27692247
20200501,10,43082240216,30872547
20200601,10,39300870480,28162834
20200701,10,44138063147,31629145
20200801,10,41527794508,29758638
20200901,10,43819069786,31400556
20201001,10,38818941153,27817485
20201101,10,37582609675,26931535
20201201,10,39245869448,28123419
20210101,10,40401911902,67712604
20210201,10,43751068717,73325708
20210301,10,44873558468,75206973
20210401,10,40594998833,68036213
20210501,10,47621927901,79813172
20210601,10,47971944996,80399792
20210701,10,47290611114,79257893
20210801,10,46657941960,78197555
20210901,10,46407482432,77777791
20211001,10,47673083723,79898908
20211101,10,42503318295,71234509
20211201,10,44550278114,74665162
20220101,10,62957958819,156667881
20220201,10,58104286501,144589749
20220301,10,60167683961,149724415
20220401,10,57576162075,143275536
20220501,10,65023721714,161808433
20220601,10,58603624224,145832327
20220701,10,65652220474,163372423
20220801,10,60930111482,151621679
20220901,10,63504688746,158028392
20221001,10,62654989249,155913955
20221101,10,56011068479,139380875
20221201,10,56700540761,141096594
20230101,10,75597434105,137161604
20230201,10,75352309627,136716858
20230301,10,78337887210,142133796
20230401,10,70162879866,127301320
20230501,10,69573592716,126232136
20230601,10,79168686982,143641173
20230701,10,74038139387,134332469
20230801,10,76436753463,138684439
20230901,10,78979043861,143297091
20231001,10,72707843732,131918823
20231101,10,79940121711,145040840
20231201,10,74970035013,136023272
20240101,10,109437546713,62457062
20240201,10,103443371617,59036128
20240301,10,112912753740,64440396
20240401,10,99690612763,56894393
20240501,10,109553730597,62523369
20240601,10,96938938643,55323986
20240701,10,114491125471,65341188
20240801,10,109985065261,62769536
20240901,10,97466908452,55625303
20241001,10,108087881947,61686795
20241101,10,104747614390,59780472
20241201,10,97583031650,55691575
20190101,11,45605898839,32271623719
20190201,11,43204022750,30572009341
20190301,11,50190685542,35515908232
20190401,11,51844629619,36686271327
20190501,11,43804187318,30996697498
20190601,11,45689282963,32330627952
20190701,11,52116837925,36878891235
20190801,11,44789872823,31694187791
20190901,11,43307559673,30645274088
20191001,11,43419262022,30724316849
20191101,11,46637289035,33001455542
20191201,11,48937538642,34629157037
20200101,11,54169100090,36065544000
20200201,11,52399034108,34887042004
20200301,11,53587492401,35678312208
20200401,11,54008986263,35958940931
20200501,11,52735995336,35111389279
20200601,11,61170906468,40727315297
20200701,11,59787038932,39805942495
20200801,11,57575446614,38333474245
20200901,11,52264275562,34797320368
20201001,11,59774421211,39797541673
20201101,11,60012672245,39956168143
20201201,11,60710706918,40420916499
20210101,11,72557474655,36750739991
20210201,11,77134606649,39069081260
20210301,11,68506273531,34698785456
20210401,11,71437936263,36183687947
20210501,11,70871535468,35896802985
20210601,11,72066113472,36501862985
20210701,11,71984783292,36460668824
20210801,11,74742711858,37857574051
20210901,11,73138550085,37045057732
20211001,11,71784807631,36359380107
20211101,11,66257018300,33559525930
20211201,11,66661248941,33764270861
20220101,11,88995670885,60126809823
20220201,11,86991137438,58772516966
20220301,11,97044593262,65564782482
20220401,11,92329590430,62379255863
20220501,11,95003764043,64185967657
20220601,11,96018751279,64871708255
20220701,11,86815854305,58654093053
20220801,11,91730284182,61974355574
20220901,11,82406426332,55675017391
20221001,11,96908227608,65472651801
20221101,11,92142143964,62252614220
20221201,11,91012664649,61489521055
20230101,11,111380603662,96508220172
20230201,11,117071731821,101439425708
20230301,11,110636754908,95863695749
20230401,11,97489546384,84472002284
20230501,11,108727464688,94209348449
20230601,11,106000107357,91846168567
20230701,11,106167759764,91991434752
20230801,11,104742336406,90756344739
20230901,11,103474010980,89657375749
20231001,11,107494814233,93141290837
20231101,11,117826129699,102093090656
20231201,11,112825856906,97760492235
20240101,11,181472477825,151041398017
20240201,11,198571721894,165273273617
20240301,11,190005279102,158143335729
20240401,11,195744654219,162920276297
20240501,11,210376757240,175098725187
20240601,11,202580057703,168609452477
20240701,11,176911668799,147245390051
20240801,11,211831954536,176309900769
20240901,11,178924059528,148920323422
20241001,11,186276488839,155039825483
20241101,11,194980944577,162284632956
20241201,11,186947655920,155598444707
20190101,12,24264623837,27986355445
20190201,12,22668943995,26145928677
20190301,12,20539354974,23689701220
20190401,12,23924900734,27594525281
20190501,12,23457940306,27055942010
20190601,12,21530478346,24832844059
20190701,12,21270998081,24533564458
20190801,12,20437303166,23571996607
20190901,12,22357946961,25787230614
20191001,12,24285316738,28010222243
20191101,12,23003321015,26531592769
20191201,12,22879220684,26388457808
20200101,12,22946203255,32275005235
20200201,12,24559851819,34544684244
20200301,12,22552267435,31720914411
20200401,12,24150601019,33969052119
20200501,12,24369587934,34277068384
20200601,12,25164482498,35395128133
20200701,12,25574818838,35972287124
20200801,12,26517490316,37298202638
20200901,12,23055724036,32429051799
20201001,12,25725076504,36183632194
20201101,12,22528721387,31687795694
20201201,12,21796074505,30657290486
20210101,12,35038057171,39560134128
20210201,12,32584636609,36790070537
20210301,12,35025520161,39545979069
20210401,12,36712234173,41450383534
20210501,12,32538329670,36737787137
20210601,12,32880623954,37124258560
20210701,12,32349306324,36524368086
20210801,12,38367065475,43318790448
20210901,12,34534558168,38991652605
20211001,12,33027085758,37289622997
20211101,12,31698914505,35790035487
20211201,12,38143173312,43066002346
20220101,12,33885489857,39138058692
20220201,12,33853350199,39100937087
20220301,12,31465952519,36343470368
20220401,12,30713704103,35474616389
20220501,12,34670006976,40044183325
20220601,12,32149188667,37132614528
20220701,12,35135130634,40581405513
20220801,12,33739585767,38969538099
20220901,12,36059235292,41648755064
20221001,12,34546737176,39901805550
20221101,12,34304843669,39622416280
20221201,12,33283961998,38443288373
20230101,12,39552675483,50967355721
20230201,12,40580377712,52291647047
20230301,12,39295180366,50635548958
20230401,12,38351059860,49418960571
20230501,12,37827770997,48744653478
20230601,12,44044891983,56756000699
20230701,12,43125516348,55571298414
20230801,12,45471401936,58594193422
20230901,12,39135188643,50429384521
20231001,12,40935224476,52748900597
20231101,12,43746950188,56372074574
20231201,12,37996030048,48961471149
20240101,12,59341085901,64008296249
20240201,12,64372122028,69435026245
20240301,12,59240156225,63899428397
20240401,12,63841061966,68862198006
20240501,12,69095800369,74530224591
20240601,12,61216564492,66031282304
20240701,12,66523275630,71755369309
20240801,12,68461833553,73846395922
20240901,12,64640381018,69724383959
20241001,12,64657902726,69743283759
20241101,12,65845010765,71023758524
20241201,12,59254036674,63914400552
20190101,13,6788965316,4508152177
20190201,13,6570054758,4362786564
20190301,13,6022147091,3998953339
20190401,13,6563306511,4358305450
20190501,13,5994833245,3980815822
20190601,13,6277695902,4168648259
20190701,13,6553434816,4351750238
20190801,13,6189872740,4110330068
20190901,13,5904920048,3921109761
20191001,13,6716169456,4459812732
20191101,13,5944143881,3947155999
20191201,13,5969528426,3964012381
20200101,13,7415735905,5470095297
20200201,13,7137476558,5264841878
20200301,13,7732530142,5703773341
20200401,13,7229882887,5333003883
20200501,13,7529652572,5554124047
20200601,13,7460018889,5502759910
20200701,13,6936001517,5116227136
20200801,13,7522564782,5548895856
20200901,13,7401846908,5459850307
20201001,13,8324427977,6140377018
20201101,13,8031581926,5924363958
20201201,13,7214126564,5321381490
20210101,13,10128734660,6715574686
20210201,13,10205073823,6766189237
20210301,13,10263029409,6804615069
20210401,13,9156595980,6071025280
20210501,13,9554362381,6334753185
20210601,13,8960119976,5940757352
20210701,13,9718466464,6443557815
20210801,13,9190339959,6093398283
20210901,13,9830758134,6518009671
20211001,13,10041732753,6657890501
20211101,13,9965293361,6607209496
20211201,13,10360837898,6869464256
20220101,13,10538397601,6724538685
20220201,13,10574618335,6747651091
20220301,13,9985200945,6371544572
20220401,13,9944114309,6345327239
20220501,13,11362108048,7250147319
20220601,13,11513603684,7346816499
20220701,13,10177926237,6494522346
20220801,13,10703581592,6829942388
20220901,13,10276713949,6557558665
20221001,13,11023700407,7034209815
20221101,13,11556427765,7374142494
20221201,13,11472685218,7320706477
20230101,13,13260345219,7871659781
20230201,13,13130380499,7794509598
20230301,13,12821098240,7610912212
20230401,13,14830037542,8803466888
20230501,13,14968490711,8885656019
20230601,13,13399920818,7954515212
20230701,13,13820095632,8203941086
20230801,13,13498556211,8013067553
20230901,13,13327396217,7911462866
20231001,13,13722586651,8146057410
20231101,13,15229756470,9040749656
20231201,13,12671826877,7522301140
20240101,13,22769151956,11387195406
20240201,13,22443230701,11224197284
20240301,13,20867914383,10436357896
20240401,13,23871886434,11938689507
20240501,13,23639968095,11822703657
20240601,13,22818199736,11411724939
20240701,13,22432337177,11218749269
20240801,13,23970423360,11987969306
20240901,13,23911315213,11958408433
20241001,13,22171433677,11088267504
20241101,13,23318563494,11661964382
20241201,13,22213661429,11109386237
20190101,14,12496447467,10532806893
20190201,14,11917451807,10044792239
20190301,14,11124070312,9376079463
20190401,14,11696264994,9858361816
20190501,14,10551021704,8893077366
20190601,14,11223137510,9459579647
20190701,14,12397125281,10449091787
20190801,14,12372100391,10427999207
20190901,14,11114657209,9368145496
20191001,14,12584826531,10607298432
20191101,14,11029525057,9296390662
20191201,14,11939688221,10063534513
20200101,14,16545474571,13211194012
20200201,14,17694052607,14128308067
20200301,14,17934481500,14320285198
20200401,14,17594714741,14048988987
20200501,14,18728961090,14954659508
20200601,14,19234168012,15358056015
20200701,14,17887675486,14282911636
20200801,14,17794524093,14208532317
20200901,14,16147990406,12893811733
20201001,14,16719055078,13349794192
20201101,14,19118148634,15265417119
20201201,14,19242805582,15364952920
20210101,14,19203398269,15726284857
20210201,14,16950203970,13881071063
20210301,14,16482565011,13498106372
20210401,14,18416389460,15081777852
20210501,14,17260753743,14135390331
20210601,14,17554455150,14375911926
20210701,14,18482775134,15136143230
20210801,14,18301721156,14987872263
20210901,14,16490727790,13504791136
20211001,14,19147101877,15680181919
20211101,14,17870636688,14634843230
20211201,14,18056376306,14786951420
20220101,14,24643892754,19399949864
20220201,14,23407640258,18426757979
20220301,14,24735288302,19471897468
20220401,14,21896730146,17237352526
20220501,14,24420821853,19224345939
20220601,14,24341530535,19161926921
20220701,14,24590921442,19358250251
20220801,14,25044541696,19715345222
20220901,14,24337584452,19158820520
20221001,14,23581095898,18563304212
20221101,14,21235860756,16717108701
20221201,14,24352235335,19170353860
20230101,14,30731671458,18468683782
20230201,14,28299690525,17007146395
20230301,14,29011238079,17434762146
20230401,14,28117493040,16897651936
20230501,14,31521552306,18943375165
20230601,14,31894008167,19167208403
20230701,14,29590588869,17782932162
20230801,14,31696279724,19048380369
20230901,14,30491880696,18324577734
20231001,14,28164777300,16926068160
20231101,14,32738661291,19674816050
20231201,14,32789005241,19705071042
20240101,14,49543103201,32952180685
20240201,14,46325966501,30812394055
20240301,14,45735375267,30419579157
20240401,14,46429408558,30881195586
20240501,14,47366484993,31504465224
20240601,14,44619321699,29677267989
20240701,14,44109817438,29338385775
20240801,14,43430226027,28886374950
20240901,14,45742600797,30424385012
20241001,14,49053992405,32626862602
20241101,14,44955724056,29901016412
20241201,14,43130329063,28686907045
20190101,15,23023901850,14562418306
20190201,15,21953874117,13885635042
20190301,15,21432518709,13555882267
20190401,15,21351241947,13504475419
20190501,15,23292399276,14732240601
20190601,15,19887027590,12578372533
20190701,15,22150849726,14010220407
20190801,15,22710220540,14364017597
20190901,15,19401397266,12271215563
20191001,15,20307424330,12844269826
20191101,15,21770808137,13769847397
20191201,15,21678219826,13711286095
20200101,15,27316671528,15208523710
20200201,15,25242306998,14053623776
20200301,15,26276460999,14629387761
20200401,15,27348791979,15226406732
20200501,15,29040928626,16168501756
20200601,15,25235319811,14049733669
20200701,15,28746063976,16004336220
20200801,15,30459555167,16958320361
20200901,15,26037994438,14496621793
20201001,15,26221553350,14598817994
20201101,15,26518835611,14764329532
20201201,15,28034725555,15608299419
20210101,15,29418154580,22077734162
20210201,15,27167526527,20388683011
20210301,15,30058645475,22558409715
20210401,15,27815922569,20875291218
20210501,15,32344593558,24273967838
20210601,15,32379392626,24300083841
20210701,15,26784845080,20101488271
20210801,15,26792955344,20107574861
20210901,15,30730585676,23062687340
20211001,15,27286719648,20478135055
20211101,15,31025474091,23283995173
20211201,15,29728626206,22310736881
20220101,15,33208247978,23292351379
20220201,15,35808314592,25116044856
20220301,15,37283271292,26150583315
20220401,15,37221394757,26107182953
20220501,15,34962772048,24522979119
20220601,15,35762815090,25084131387
20220701,15,35335622039,24784497071
20220801,15,39390318398,27628471628
20220901,15,33162520452,23260277974
20221001,15,33772937317,23688425948
20221101,15,35960028003,25222457036
20221201,15,34677181568,24322665217
20230101,15,46497253275,29432970000
20230201,15,43393652498,27468376779
20230301,15,46951686451,29720628240
20230401,15,51270459217,32454430783
20230501,15,49294846047,31203858780
20230601,15,50522270281,31980823829
20230701,15,43112352682,27290312733
20230801,15,47482191089,30056440056
20230901,15,45231790148,28631926161
20231001,15,44797546101,28357047730
20231101,15,43023330039,27233961001
20231201,15,49240677994,31169570161
20240101,15,64711683636,38217150413
20240201,15,70113130238,41407113734
20240301,15,63881106416,37726631657
20240401,15,60688337339,35841059699
20240501,15,60005344948,35437700962
20240601,15,64942407582,38353410378
20240701,15,67678871709,39969499703
20240801,15,60088528426,35486827106
20240901,15,69190785710,40862399432
20241001,15,72203508301,42641640304
20241101,15,63518681778,37512592458
20241201,15,66120761928,39049317868
20190101,16,49630708336,58575413210
20190201,16,42201398946,49807154968
20190301,16,49287716693,58170605826
20190401,16,48862817827,57669129471
20190501,16,42469717154,50123830882
20190601,16,47955749647,56598584738
20190701,16,45260939752,53418102162
20190801,16,42267252136,49884876563
20190901,16,49476892968,58393876434
20191001,16,46653654123,55061818774
20191101,16,48860947304,57666921834
20191201,16,45448836439,53639862567
20200101,16,60402872053,81313511411
20200201,16,60857795946,81925923667
20200301,16,55953846481,75324294684
20200401,16,55117449907,74198349178
20200501,16,61422801727,82686526639
20200601,16,64593780098,86955253889
20200701,16,65348152057,87970778993
20200801,16,65823073752,88610112014
20200901,16,62016127929,83485254171
20201001,16,59559328757,80177945086
20201101,16,60959270967,82062527937
20201201,16,56810435095,76477422434
20210101,16,58995773479,90165787262
20210201,16,57024502380,87153008546
20210301,16,64677497438,98849411248
20210401,16,59576552741,91053417277
20210501,16,60691450599,92757363799
20210601,16,68227173467,104274534351
20210701,16,58225193815,88988077097
20210801,16,66169459325,101129641003
20210901,16,60250070910,92082784169
20211001,16,56347872418,86118885768
20211101,16,63680661507,97325903866
20211201,16,68340015718,104446996036
20220101,16,93096468736,121492192795
20220201,16,92853180962,121174698850
20220301,16,104802902233,136769252116
20220401,16,91222172555,119046210084
20220501,16,100709910397,131427840567
20220601,16,93018049166,121389854161
20220701,16,92704908652,120981201413
20220801,16,99557401493,129923800340
20220901,16,102473486332,133729331809
20221001,16,92717855198,120998096836
20221101,16,100506244388,131162053578
20221201,16,104448511600,136306767386
20230101,16,99503788963,109280946851
20230201,16,90205561327,99069083256
20230301,16,98815035042,108524516554
20230401,16,98680658746,108376936557
20230501,16,102543768552,112619632255
20230601,16,89630519394,98437538190
20230701,16,89196568949,97960948143
20230801,16,92144674628,101198732185
20230901,16,98144939633,107788578138
20231001,16,97788022982,107396591161
20231101,16,97042696972,106578030049
20231201,16,99286748901,109042580616
20240101,16,137337318557,238777250690
20240201,16,124351324252,216199556220
20240301,16,132109530053,229688119060
20240401,16,140095982635,243573516054
20240501,16,123819678882,215275227559
20240601,16,123884591595,215388086026
20240701,16,123217639051,214228509761
20240801,16,132786864764,230865745955
20240901,16,135156540178,234985708295
20241001,16,141121206188,245355989047
20241101,16,141116576941,245347940551
20241201,16,125019294691,217360902211
20190101,17,6724585683,6836373404
20190201,17,5756826951,5852526909
20190301,17,5841931160,5939045867
20190401,17,6007833314,6107705934
20190501,17,5609843961,5703100512
20190601,17,6362028123,6467788784
20190701,17,6167084832,6269604808
20190801,17,5968494444,6067713106
20190901,17,6098656064,6200038498
20191001,17,6191530760,6294457118
20191101,17,6817453077,6930784600
20191201,17,5957811117,6056852182
20200101,17,7887472758,7809346379
20200201,17,8775421092,8688499476
20200301,17,8623550857,8538133535
20200401,17,8093689251,8013520273
20200501,17,8675294084,8589364239
20200601,17,7840643200,7762980674
20200701,17,8799237583,8712080063
20200801,17,8637100142,8551548612
20200901,17,8051911571,7972156406
20201001,17,7461211407,7387307199
20201101,17,7660374123,7584497184
20201201,17,8432815390,8349287326
20210101,17,9362515961,12307403768
20210201,17,9447244088,12418782299
20210301,17,8527738865,11210055703
20210401,17,8558240069,11250150762
20210501,17,7957800375,10460848636
20210601,17,8160737838,10727618093
20210701,17,8863334910,11651210200
20210801,17,8570706941,11266538967
20210901,17,9096754696,11958049896
20211001,17,9671740745,12713892183
20211101,17,8392923382,11032835328
20211201,17,8877815444,11670245444
20220101,17,10129538292,12010104955
20220201,17,10144285159,12027589604
20220301,17,11629887314,13788996421
20220401,17,11135152144,13202412793
20220501,17,11546652689,13690309140
20220601,17,9973038485,11824550682
20220701,17,11269801979,13362060607
20220801,17,12055398291,14293504262
20220901,17,10750233572,12746033409
20221001,17,10698898773,12685168213
20221101,17,12173379640,14433389056
20221201,17,11442165493,13566423711
20230101,17,13855341386,13593741865
20230201,17,13958945057,13695389419
20230301,17,12866749380,12623815238
20230401,17,13313750259,13062376396
20230501,17,12813697136,12571764661
20230601,17,13866284525,13604478390
20230701,17,14501335134,14227538753
20230801,17,13753959880,13494274520
20230901,17,12632743963,12394228023
20231001,17,12239894814,12008796169
20231101,17,14452460173,14179586589
20231201,17,13841090618,13579760163
20240101,17,22836252751,22024912325
20240201,17,20140693415,19425122478
20240301,17,21330741891,20572890180
20240401,17,22562114218,21760513554
20240501,17,24015213032,23161985780
20240601,17,20075589726,19362331832
20240701,17,21449511655,20687440219
20240801,17,20833123082,20092951078
20240901,17,23009589890,22192091036
20241001,17,22162981302,21375561277
20241101,17,20402388665,19677520058
20241201,17,24101828202,23245523632
20190101,18,14724842083,6623913397
20190201,18,12679896076,5704002326
20190301,18,13619901193,6126860001
20190401,18,13148402559,5914758160
20190501,18,12938275767,5820233433
20190601,18,14678842259,6603220554
20190701,18,13951043694,6275823178
20190801,18,13486884851,6067023113
20190901,18,13674516359,6151428423
20191001,18,14367795426,6463297336
20191101,18,13262046798,5965880582
20191201,18,14197537815,6386707606
20200101,18,15950802418,7255389871
20200201,18,15899034541,7231842709
20200301,18,17063525000,7761523415
20200401,18,15183564902,6906403836
20200501,18,16644317050,7570842280
20200601,18,15317541196,6967344359
20200701,18,15395434601,7002774992
20200801,18,15584185199,7088630182
20200901,18,15715812466,7148502226
20201001,18,14403108938,6551405250
20201101,18,17075779337,7767097429
20201201,18,16569767897,7536932812
20210101,18,19125656431,9904649467
20210201,18,17930538574,9285730922
20210301,18,18288919923,9471326729
20210401,18,17869683550,9254215785
20210501,18,17409432861,9015864660
20210601,18,16306971373,8444930291
20210701,18,17352543119,8986403033
20210801,18,18692397513,9680276634
20210901,18,19344009598,10017728544
20211001,18,18794873238,9733345983
20211101,18,16831265718,8716447857
20211201,18,17355917230,8988150391
20220101,18,24492339219,11002647714
20220201,18,21863836621,9821850411
20220301,18,23151729992,10400408340
20220401,18,24852045048,11164237691
20220501,18,24179171636,10861964027
20220601,18,23209607010,10426408324
20220701,18,22299117830,10017390974
20220801,18,21413863729,9619709931
20220901,18,24041368350,10800058914
20221001,18,22760553898,10224681035
20221101,18,21522917159,9668699799
20221201,18,25781956477,11581980060
20230101,18,32119148526,12792063233
20230201,18,32620000139,12991536936
20230301,18,33336844165,13277033735
20230401,18,32024610669,12754411729
20230501,18,28521953365,11359411681
20230601,18,30591269386,12183556237
20230701,18,32478475985,12935172243
20230801,18,30506381085,12149747853
20230901,18,31750458761,12645225505
20231001,18,31059927410,12370208230
20231101,18,31230472584,12438131097
20231201,18,33359269348,13285964991
20240101,18,38196081189,21831140216
20240201,18,38558196640,22038108913
20240301,18,34063639494,19469224771
20240401,18,39981690404,22851713110
20240501,18,39455518664,22550977310
20240601,18,35970732383,20559232200
20240701,18,35988052783,20569131752
20240801,18,40283202791,23024043857
20240901,18,36203320930,20692169220
20241001,18,40290110971,23027992258
20241101,18,40879185883,23364680646
20241201,18,36553861781,20892522406
20190101,19,41607259474,40934171053
20190201,19,46512342870,45759903997
20190301,19,45943536138,45200298958
20190401,19,46180398343,45433329398
20190501,19,44883024400,44156943317
20190601,19,42898545490,42204567693
20190701,19,39401952880,38764540116
20190801,19,42101448668,41420365656
20190901,19,44679584592,43956794593
20191001,19,44543883443,43823288706
20191101,19,44906197521,44179741562
20191201,19,39520830905,38881495027
20200101,19,41428083207,42462215445
20200201,19,42632080162,43696266700
20200301,19,46346557789,47503465515
20200401,19,42609412873,43673033588
20200501,19,45649537716,46789046352
20200601,19,40603391787,41616937990
20200701,19,46029052488,47178034612
20200801,19,41791311193,42834510366
20200901,19,43690112898,44780710163
20201001,19,38463459942,39423588937
20201101,19,45700018194,46840786929
20201201,19,40412901484,41421692647
20210101,19,51362361443,53153403766
20210201,19,50198956842,51949430413
20210301,19,48111612965,49789299361
20210401,19,55462454944,57396470463
20210501,19,58488992877,60528545942
20210601,19,54247039142,56138672242
20210701,19,49769203337,51504691096
20210801,19,56649204246,58624602563
20210901,19,55645036208,57585418466
20211001,19,50108986339,51856322574
20211101,19,52697027559,54534610646
20211201,19,54700471356,56607915963
20220101,19,68836380393,69729137070
20220201,19,64902147396,65743879995
20220301,19,65402893961,66251120871
20220401,19,58990705297,59755770887
20220501,19,69081247594,69977180016
20220601,19,66965148029,67833636213
20220701,19,67969664043,68851180053
20220801,19,63191713459,64011263002
20220901,19,62010656726,62814888841
20221001,19,63230706632,64050761888
20221101,19,64515503764,65352221883
20221201,19,69871956476,70778143805
20230101,19,86611210643,82986924284
20230201,19,77221837152,73990453490
20230301,19,72446503599,69414945989
20230401,19,83149586915,79670153809
20230501,19,78189705764,74917821190
20230601,19,75837072206,72663634677
20230701,19,83065655482,79589734527
20230801,19,77108483917,73881843574
20230901,19,81182087392,77784985219
20231001,19,76063573778,72880658185
20231101,19,77089125431,73863295153
20231201,19,84291097741,80763897585
20240101,19,130323050292,122063495572
20240201,19,133543243180,125079600547
20240301,19,124504041639,116613281390
20240401,19,124091405443,116226797062
20240501,19,124398320814,116514260892
20240601,19,117986368682,110508682531
20240701,19,113654238003,106451111650
20240801,19,126662527728,118634967934
20240901,19,116631065607,109239275235
20241001,19,117417871676,109976215469
20241101,19,130986200657,122684617097
20241201,19,137176800029,128482871492
20190101,20,10607209497,11405528793
20190201,20,11728171387,12610856464
20190301,20,12205411309,13124014394
20190401,20,11721971480,12604189940
20190501,20,12198523056,13116607718
20190601,20,11986128304,12888227723
20190701,20,11653459788,12530521924
20190801,20,11926571280,12824188321
20190901,20,12097197297,13007655984
20191001,20,10608384276,11406791988
20191101,20,11390630404,12247911488
20191201,20,10522362725,11314296287
20200101,20,16314416917,13399582739
20200201,20,17070870326,14020883524
20200301,20,15745078202,12931965584
20200401,20,15269941743,12541719931
20200501,20,18276999338,15011518100
20200601,20,15415472328,12661249125
20200701,20,15486294624,12719417873
20200801,20,15166795456,12457002394
20200901,20,15302334789,12568325435
20201001,20,15513869701,12742066217
20201101,20,16367742570,13443380902
20201201,20,15599898417,12812724513
20210101,20,18084803239,15864991154
20210201,20,18572903675,16293179893
20210301,20,17718466329,15543620124
20210401,20,18061547294,15844589751
20210501,20,16833698738,14767452984
20210601,20,18553661467,16276299562
20210701,20,18778607184,16473634406
20210801,20,17085512315,14988357802
20210901,20,18716167358,16418858732
20211001,20,19362057139,16985469024
20211101,20,16738792481,14684195959
20211201,20,18792091193,16485463327
20220101,20,23893444319,19018939052
20220201,20,23905394956,19028451638
20220301,20,23738525426,18895625187
20220401,20,26015318884,20707929659
20220501,20,24623151470,19599778535
20220601,20,24075033620,19163482292
20220701,20,23809134993,18951829685
20220801,20,22739796396,18100647020
20220901,20,22325242058,17770665977
20221001,20,26665962427,21225835313
20221101,20,23540006574,18737606196
20221201,20,22730943651,18093600325
20230101,20,27574502538,20578631185
20230201,20,31309963663,23366376011
20230301,20,31879467677,23791392312
20230401,20,28515876926,21281171378
20230501,20,30362410667,22659224772
20230601,20,29672848819,22144610268
20230701,20,29045560873,21676470280
20230801,20,32113992633,23966416415
20230901,20,31764399346,23705517735
20231001,20,27050689312,20187713555
20231101,20,29034323950,21668084254
20231201,20,30059038760,22432820739
20240101,20,40144973304,32531772882
20240201,20,42754480247,34646405929
20240301,20,37631061077,30494605713
20240401,20,42275521875,34258278507
20240501,20,40694413193,32977015516
20240601,20,38333793960,31064070446
20240701,20,43153818017,34970012213
20240801,20,37417342637,30321417411
20240901,20,36988490054,29973893582
20241001,20,42165781398,34169349508
20241101,20,40246175831,32613783090
20241201,20,41901363449,33955076486
20190101,21,26891674155,32474727
20190201,21,22609385781,27303381
20190301,21,26014718837,31415704
20190401,21,22792309015,27524281
20190501,21,23351044915,28199018
20190601,21,24106121254,29110858
20190701,21,22787339840,27518281
20190801,21,24772443519,29915517
20190901,21,25884427832,31258363
20191001,21,26294470705,31753536
20191101,21,24569734735,29670723
20191201,21,25264897027,30510210
20200101,21,28497404756,81692197
20200201,21,29725675800,85213225
20200301,21,26243941482,75232298
20200401,21,27698034877,79400681
20200501,21,31699181892,90870584
20200601,21,26570996638,76169852
20200701,21,31238044300,89548662
20200801,21,28465834236,81601696
20200901,21,30169504604,86485529
20201001,21,29008559913,83157502
20201101,21,28019983493,80323596
20201201,21,27026332174,77475142
20210101,21,34921711260,116709702
20210201,21,37377558120,124917237
20210301,21,33007092988,110310975
20210401,21,37460140553,125193231
20210501,21,36524248956,122065445
20210601,21,39516673425,132066243
20210701,21,35817927026,119704890
20210801,21,34658545894,115830194
20210901,21,34338634607,114761038
20211001,21,33364648252,111505938
20211101,21,32493101346,108593195
20211201,21,37892115164,126636906
20220101,21,47407500152,54164219
20220201,21,48327145591,55214936
20220301,21,42110766834,48112573
20220401,21,41561535003,47485062
20220501,21,42950287811,49071746
20220601,21,48620343365,55549922
20220701,21,42824395921,48927911
20220801,21,46985361303,53681915
20220901,21,41463110333,47372609
20221001,21,45625320845,52128036
20221101,21,45780255467,52305052
20221201,21,44634989997,50996559
20230101,21,61498893651,79356633
20230201,21,57489704684,74183276
20230301,21,64449003833,83163382
20230401,21,58400605339,75358680
20230501,21,68036779158,87792957
20230601,21,62775940033,81004502
20230701,21,68999156469,89034785
20230801,21,60656868238,78270105
20230901,21,59718549645,77059322
20231001,21,62607156362,80786708
20231101,21,64064448499,82667161
20231201,21,61293419008,79091495
20240101,21,67347774339,106750947
20240201,21,66567998075,105514947
20240301,21,71515863844,113357661
20240401,21,69212826021,109707185
20240501,21,80399686749,127439144
20240601,21,75800328082,120148838
20240701,21,80741955424,127981664
20240801,21,69775200338,110598588
20240901,21,70940116893,112445062
20241001,21,74471818638,118043057
20241101,21,70637176660,111964880
20241201,21,76364994787,121043873
20190101,22,12953734315,9536215777
20190201,22,14014460361,10317095809
20190301,22,13930150212,10255028782
20190401,22,13598889020,10011162563
20190501,22,12040651518,8864027020
20190601,22,12332330175,9078753564
20190701,22,13359709185,9835084340
20190801,22,11826918078,8706681798
20190901,22,13836318841,10185952470
20191001,22,11863797738,8733831683
20191101,22,12223914433,8998940603
20191201,22,12609728399,9282967212
20200101,22,16327871653,13824050481
20200201,22,17768033971,15043369019
20200301,22,19359342794,16390656281
20200401,22,16447505938,13925339273
20200501,22,19182869012,16241244127
20200601,22,17538267358,14848836300
20200701,22,17464696281,14786547086
20200801,22,16236029045,13746291611
20200901,22,18976655950,16066653107
20201001,22,18276757448,15474081556
20201101,22,19727934816,16702726024
20201201,22,19675060437,16657959744
20210101,22,20515013290,14803059007
20210201,22,19612099808,14151541927
20210301,22,19763731395,14260955034
20210401,22,20018718360,14444946486
20210501,22,20907793864,15086478468
20210601,22,20945985131,15114036217
20210701,22,22344158754,16122919144
20210801,22,21524332742,15531355655
20210901,22,22081502123,15933393475
20211001,22,18704567554,13496692071
20211101,22,21425580050,15460098478
20211201,22,21387195148,15432401010
20220101,22,25878953568,17927924704
20220201,22,27525334896,19068473158
20220301,22,26241987207,18179420179
20220401,22,26482312900,18345908400
20220501,22,28195253454,19532566477
20220601,22,25722062158,17819236484
20220701,22,29401465180,20368182683
20220801,22,25498268436,17664200965
20220901,22,24680562982,17097726677
20221001,22,29662825677,20549242992
20221101,22,27995337353,19394072438
20221201,22,25977705601,17996336241
20230101,22,23206271437,19836232646
20230201,22,25721965487,21986594999
20230301,22,23320253384,19933662017
20230401,22,24879199984,21266216776
20230501,22,27666929688,23649109483
20230601,22,27602458499,23594000867
20230701,22,24569465271,21001462059
20230801,22,25963348936,22192924493
20230901,22,24135001948,20630091950
20231001,22,24386387702,20844971204
20231101,22,27434300376,23450262841
20231201,22,25052405001,21414268781
20240101,22,40437614857,28927940991
20240201,22,43124009849,30849712987
20240301,22,39369472845,28163822010
20240401,22,42538345814,30430745283
20240501,22,36293938010,25963670232
20240601,22,38446759485,27503738626
20240701,22,37587383677,26888965159
20240801,22,35788392983,25602017430
20240901,22,38557235696,27582770224
20241001,22,40421154456,28916165680
20241101,22,36200297002,25896682068
20241201,22,38300020014,27398765305
20190101,23,20236314570,9186299035
20190201,23,18482593027,8390195057
20190301,23,19126639344,8682560648
20190401,23,17794426316,8077800962
20190501,23,17707722763,8038441781
20190601,23,18500999865,8398550864
20190701,23,18690669255,8484651508
20190801,23,19515188841,8858943154
20190901,23,17758390246,8061442345
20191001,23,19088280607,8665147654
20191101,23,18081378822,8208063393
20191201,23,18694048816,8486185665
20200101,23,25162262295,9797424419
20200201,23,24043063906,9361642394
20200301,23,25992053046,10120519857
20200401,23,25046209174,9752236842
20200501,23,23955921598,9327711813
20200601,23,22654230674,8820872710
20200701,23,23488958721,9145890583
20200801,23,24819085186,9663801626
20200901,23,25030119884,9745972159
20201001,23,24187127425,9417736374
20201101,23,25595232596,9966009968
20201201,23,25584791505,9961944522
20210101,23,31606483152,14181813637
20210201,23,32592170743,14624091181
20210301,23,31159570230,13981284026
20210401,23,31752063395,14247135421
20210501,23,28646175520,12853525041
20210601,23,28759531800,12904387948
20210701,23,28733926934,12892899057
20210801,23,28269185566,12684369831
20210901,23,29380443847,13182990883
20211001,23,27672224673,12416513769
20211101,23,29131898799,13071468840
20211201,23,31556634171,14159446425
20220101,23,32020969184,13845748164
20220201,23,36905156610,15957652669
20220301,23,34261471675,14814533121
20220401,23,31087619381,13442171175
20220501,23,31539690686,13637645128
20220601,23,36486544701,15776646434
20220701,23,34965319449,15118874284
20220801,23,35953238941,15546047004
20220901,23,31492644490,13617302528
20221001,23,35854251245,15503245092
20221101,23,31702150434,13707892120
20221201,23,30799285347,13317496610
20230101,23,39092291179,18422941199
20230201,23,37707433438,17770302227
20230301,23,39012629068,18385399005
20230401,23,41420608157,19520202206
20230501,23,39087041902,18420467384
20230601,23,38541246201,18163251400
20230701,23,41715432029,19659143227
20230801,23,38870726505,18318524885
20230901,23,36228528786,17073341967
20231001,23,39116451563,18434327212
20231101,23,35202485153,16589800559
20231201,23,34695211400,16350738734
20240101,23,73934629231,31168006550
20240201,23,78554907217,33115738702
20240301,23,70009988039,29513528213
20240401,23,68627522360,28930733658
20240501,23,72107288732,30397669818
20240601,23,72274467505,30468145983
20240701,23,78712671619,33182246129
20240801,23,68330459827,28805503478
20240901,23,71997406482,30351347672
20241001,23,68996636726,29086338131
20241101,23,69742733423,29400863908
20241201,23,70474006490,29709140612
20190101,24,12680611555,11479003603
20190201,24,14142270918,12802156908
20190301,24,13662348425,12367711614
20190401,24,11930209017,10799708807
20190501,24,13184770459,11935388680
20190601,24,14051602833,12720080482
20190701,24,14124161398,12785763437
20190801,24,12786941467,11575257749
20190901,24,12210752838,11053668446
20191001,24,13882635848,12567124718
20191101,24,13215899487,11963567937
20191201,24,13712502998,12413113566
20200101,24,16485480982,15867150324
20200201,24,16203159564,15595418102
20200301,24,15799912744,15207296098
20200401,24,17008746408,16370789325
20200501,24,17774485757,17107807637
20200601,24,16368956978,15754996855
20200701,24,17059367046,16419511306
20200801,24,18279850383,17594217254
20200901,24,16356684041,15743184246
20201001,24,17833008811,17164135633
20201101,24,15767868812,15176454058
20201201,24,18112601714,17433241682
20210101,24,21446619666,17150238170
20210201,24,21772697330,17410992997
20210301,24,24047795186,19230322602
20210401,24,21913046896,17523226464
20210501,24,23305417966,18636665125
20210601,24,22008408811,17599484615
20210701,24,21794499932,17428427904
20210801,24,23160815124,18521030436
20210901,24,20620448026,16489572731
20211001,24,21720310566,17369100825
20211101,24,23692579652,18946267068
20211201,24,24141843008,19305529910
20220101,24,22562616294,24127735912
20220201,24,23740276651,25387088006
20220301,24,22049528949,23579056813
20220401,24,23743197672,25390211652
20220501,24,23590917944,25227368610
20220601,24,22609977034,24178381962
20220701,24,22757835758,24336497325
20220801,24,24829389366,26551750101
20220901,24,24874244717,26599716970
20221001,24,22676076689,24249066807
20221101,24,23568610142,25203513365
20221201,24,21672025669,23175366953
20230101,24,31355111425,33561899057
20230201,24,27962334345,29930336714
20230301,24,30192363069,32317315919
20230401,24,29416596359,31486950380
20230501,24,30167857685,32291085835
20230601,24,26335218353,28188703526
20230701,24,27415876721,29345419144
20230801,24,29641047431,31727198425
20230901,24,26619103484,28492568628
20231001,24,26840690602,28729751152
20231101,24,29419266317,31489808250
20231201,24,31694053596,33924696139
20240101,24,43882793183,44506974261
20240201,24,39230023033,39788023933
20240301,24,41703515264,42296698679
20240401,24,37883328548,38422174304
20240501,24,38243089659,38787052594
20240601,24,39980258901,40548931023
20240701,24,42036266438,42634182847
20240801,24,44545142980,45178745205
20240901,24,41018265737,41601702284
20241001,24,44733012392,45369286838
20241101,24,39495198038,40056970740
20241201,24,44612610770,45247172648
